{"acc": [0.13703703880310059, 0.2651851773262024, 0.3488888740539551], "val_acc": [0.18000000715255737, 0.31333333253860474, 0.3355555534362793], "loss": [2.343244791030884, 2.0062034130096436, 1.8309234380722046], "val_loss": [2.1608998775482178, 1.9535164833068848, 1.921810269355774]}