{"acc": [0.11851851642131805, 0.2051851898431778, 0.26370370388031006, 0.29629629850387573, 0.3096296191215515, 0.34518519043922424, 0.36592593789100647, 0.4014814794063568, 0.40444445610046387, 0.40740740299224854], "val_acc": [0.24666666984558105, 0.2755555510520935, 0.2800000011920929, 0.2933333218097687, 0.273333340883255, 0.3333333432674408, 0.30222222208976746, 0.3311111032962799, 0.3311111032962799, 0.35777777433395386], "loss": [2.5295281410217285, 2.1724743843078613, 2.0099854469299316, 1.9474174976348877, 1.9376381635665894, 1.8516916036605835, 1.7519593238830566, 1.7124621868133545, 1.6462535858154297, 1.6359937191009521], "val_loss": [2.2545812129974365, 2.0249950885772705, 1.934483289718628, 1.9776184558868408, 2.0119693279266357, 1.8455308675765991, 1.8804762363433838, 1.8388727903366089, 1.8614600896835327, 1.8352389335632324]}