{"acc": [0.1429629623889923, 0.26814815402030945, 0.34074074029922485], "val_acc": [0.18000000715255737, 0.23777778446674347, 0.30888888239860535], "loss": [2.288966178894043, 2.002115488052368, 1.8165881633758545], "val_loss": [2.156888246536255, 2.001473903656006, 1.9491229057312012]}