{"acc": [0.20444443821907043, 0.3037036955356598, 0.385185182094574], "val_acc": [0.24666666984558105, 0.273333340883255, 0.35333332419395447], "loss": [2.1471078395843506, 1.8995126485824585, 1.7391643524169922], "val_loss": [1.9960399866104126, 1.944204330444336, 1.825372576713562]}