{"acc": [0.1429629623889923, 0.2696296274662018, 0.37259259819984436, 0.44296297430992126, 0.5740740895271301, 0.7044444680213928, 0.8222222328186035, 0.9155555367469788, 0.9555555582046509, 0.9644444584846497], "val_acc": [0.19333332777023315, 0.29777777194976807, 0.30222222208976746, 0.30444443225860596, 0.36444443464279175, 0.31111112236976624, 0.35333332419395447, 0.3222222328186035, 0.35555556416511536, 0.3422222137451172], "loss": [2.296968936920166, 1.9993655681610107, 1.7790600061416626, 1.5709662437438965, 1.254981279373169, 0.8958369493484497, 0.5335568189620972, 0.27161383628845215, 0.17093344032764435, 0.14234168827533722], "val_loss": [2.099177360534668, 1.9338845014572144, 1.9458789825439453, 1.9587666988372803, 2.0317330360412598, 2.28482723236084, 2.7104549407958984, 3.4941604137420654, 3.698265314102173, 3.4702465534210205]}