{"acc": [0.15333333611488342, 0.22296296060085297, 0.2711111009120941, 0.3029629588127136, 0.3096296191215515, 0.3562963008880615, 0.36888888478279114, 0.38962963223457336, 0.40518519282341003, 0.4118518531322479], "val_acc": [0.20222222805023193, 0.23333333432674408, 0.3466666638851166, 0.3333333432674408, 0.35555556416511536, 0.36222222447395325, 0.36888888478279114, 0.3488888740539551, 0.35333332419395447, 0.3933333456516266], "loss": [2.4563534259796143, 2.061978816986084, 1.9930452108383179, 1.9070470333099365, 1.8610951900482178, 1.7998214960098267, 1.7577418088912964, 1.7116217613220215, 1.6869254112243652, 1.6417793035507202], "val_loss": [2.0913188457489014, 1.9922699928283691, 1.8959864377975464, 1.8388359546661377, 1.8046109676361084, 1.751770257949829, 1.7529957294464111, 1.8272655010223389, 1.7774529457092285, 1.7623436450958252]}