{"acc": [0.14592592418193817, 0.2540740668773651, 0.3977777659893036], "val_acc": [0.17555555701255798, 0.2644444406032562, 0.25111111998558044], "loss": [2.3112032413482666, 2.082744598388672, 1.7366148233413696], "val_loss": [2.2254154682159424, 2.0387659072875977, 2.0051867961883545]}